CREATE DATABASE  IF NOT EXISTS `mf0966ejemplo` /*!40100 DEFAULT CHARACTER SET utf8mb4 COLLATE utf8mb4_unicode_ci */ /*!80016 DEFAULT ENCRYPTION='N' */;
USE `mf0966ejemplo`;
-- MySQL dump 10.13  Distrib 8.0.31, for macos12 (x86_64)
--
-- Host: localhost    Database: mf0966ejemplo
-- ------------------------------------------------------
-- Server version	8.0.29

/*!40101 SET @OLD_CHARACTER_SET_CLIENT=@@CHARACTER_SET_CLIENT */;
/*!40101 SET @OLD_CHARACTER_SET_RESULTS=@@CHARACTER_SET_RESULTS */;
/*!40101 SET @OLD_COLLATION_CONNECTION=@@COLLATION_CONNECTION */;
/*!50503 SET NAMES utf8 */;
/*!40103 SET @OLD_TIME_ZONE=@@TIME_ZONE */;
/*!40103 SET TIME_ZONE='+00:00' */;
/*!40014 SET @OLD_UNIQUE_CHECKS=@@UNIQUE_CHECKS, UNIQUE_CHECKS=0 */;
/*!40014 SET @OLD_FOREIGN_KEY_CHECKS=@@FOREIGN_KEY_CHECKS, FOREIGN_KEY_CHECKS=0 */;
/*!40101 SET @OLD_SQL_MODE=@@SQL_MODE, SQL_MODE='NO_AUTO_VALUE_ON_ZERO' */;
/*!40111 SET @OLD_SQL_NOTES=@@SQL_NOTES, SQL_NOTES=0 */;

--
-- Table structure for table `categorias`
--

DROP TABLE IF EXISTS `categorias`;
/*!40101 SET @saved_cs_client     = @@character_set_client */;
/*!50503 SET character_set_client = utf8mb4 */;
CREATE TABLE `categorias` (
  `id` bigint NOT NULL AUTO_INCREMENT,
  `nombre` varchar(45) COLLATE utf8mb4_unicode_ci NOT NULL,
  `descripcion` varchar(255) COLLATE utf8mb4_unicode_ci DEFAULT NULL,
  PRIMARY KEY (`id`)
) ENGINE=InnoDB AUTO_INCREMENT=4 DEFAULT CHARSET=utf8mb4 COLLATE=utf8mb4_unicode_ci;
/*!40101 SET character_set_client = @saved_cs_client */;

--
-- Dumping data for table `categorias`
--

LOCK TABLES `categorias` WRITE;
/*!40000 ALTER TABLE `categorias` DISABLE KEYS */;
INSERT INTO `categorias` VALUES (1,'Categoria1','Prueba de descripción'),(2,'Categoría2','Lalaralalaaa'),(3,'Categoría3',NULL);
/*!40000 ALTER TABLE `categorias` ENABLE KEYS */;
UNLOCK TABLES;

--
-- Table structure for table `clientes`
--

DROP TABLE IF EXISTS `clientes`;
/*!40101 SET @saved_cs_client     = @@character_set_client */;
/*!50503 SET character_set_client = utf8mb4 */;
CREATE TABLE `clientes` (
  `id` bigint NOT NULL AUTO_INCREMENT,
  `nombre` varchar(45) COLLATE utf8mb4_unicode_ci NOT NULL,
  `nif` char(9) COLLATE utf8mb4_unicode_ci NOT NULL,
  `email` varchar(45) COLLATE utf8mb4_unicode_ci DEFAULT NULL,
  PRIMARY KEY (`id`),
  UNIQUE KEY `email_UNIQUE` (`email`),
  KEY `IX_NIF` (`nif`)
) ENGINE=InnoDB AUTO_INCREMENT=5 DEFAULT CHARSET=utf8mb4 COLLATE=utf8mb4_unicode_ci;
/*!40101 SET character_set_client = @saved_cs_client */;

--
-- Dumping data for table `clientes`
--

LOCK TABLES `clientes` WRITE;
/*!40000 ALTER TABLE `clientes` DISABLE KEYS */;
INSERT INTO `clientes` VALUES (3,'Cliente1','12345678Z','cliente1@email.net'),(4,'Cliente2','12345678Z','cliente2@email.net');
/*!40000 ALTER TABLE `clientes` ENABLE KEYS */;
UNLOCK TABLES;

--
-- Table structure for table `empleados`
--

DROP TABLE IF EXISTS `empleados`;
/*!40101 SET @saved_cs_client     = @@character_set_client */;
/*!50503 SET character_set_client = utf8mb4 */;
CREATE TABLE `empleados` (
  `id` bigint NOT NULL AUTO_INCREMENT,
  `nombre` varchar(45) COLLATE utf8mb4_unicode_ci NOT NULL,
  `nif` char(9) COLLATE utf8mb4_unicode_ci NOT NULL,
  `jefe_id` bigint DEFAULT NULL,
  PRIMARY KEY (`id`),
  KEY `IX_NIF` (`nif`),
  KEY `fk_empleados_empleados1_idx` (`jefe_id`),
  CONSTRAINT `fk_empleados_empleados1` FOREIGN KEY (`jefe_id`) REFERENCES `empleados` (`id`) ON DELETE RESTRICT ON UPDATE RESTRICT
) ENGINE=InnoDB AUTO_INCREMENT=5 DEFAULT CHARSET=utf8mb4 COLLATE=utf8mb4_unicode_ci;
/*!40101 SET character_set_client = @saved_cs_client */;

--
-- Dumping data for table `empleados`
--

LOCK TABLES `empleados` WRITE;
/*!40000 ALTER TABLE `empleados` DISABLE KEYS */;
INSERT INTO `empleados` VALUES (1,'Jefazo','12345678Z',NULL),(2,'Empleado2','12345678Z',1),(3,'Empleado3','12345678Z',1),(4,'Empleado4','12345678Z',2);
/*!40000 ALTER TABLE `empleados` ENABLE KEYS */;
UNLOCK TABLES;

--
-- Table structure for table `facturas`
--

DROP TABLE IF EXISTS `facturas`;
/*!40101 SET @saved_cs_client     = @@character_set_client */;
/*!50503 SET character_set_client = utf8mb4 */;
CREATE TABLE `facturas` (
  `id` bigint NOT NULL AUTO_INCREMENT,
  `codigo` char(8) COLLATE utf8mb4_unicode_ci NOT NULL,
  `fecha` date NOT NULL,
  `clientes_id` bigint NOT NULL,
  `empleados_id` bigint NOT NULL,
  PRIMARY KEY (`id`),
  UNIQUE KEY `codigo_UNIQUE` (`codigo`),
  KEY `fk_facturas_clientes1_idx` (`clientes_id`),
  KEY `fk_facturas_empleados1_idx` (`empleados_id`),
  CONSTRAINT `fk_facturas_clientes1` FOREIGN KEY (`clientes_id`) REFERENCES `clientes` (`id`) ON DELETE RESTRICT ON UPDATE RESTRICT,
  CONSTRAINT `fk_facturas_empleados1` FOREIGN KEY (`empleados_id`) REFERENCES `empleados` (`id`) ON DELETE RESTRICT ON UPDATE RESTRICT
) ENGINE=InnoDB AUTO_INCREMENT=3 DEFAULT CHARSET=utf8mb4 COLLATE=utf8mb4_unicode_ci;
/*!40101 SET character_set_client = @saved_cs_client */;

--
-- Dumping data for table `facturas`
--

LOCK TABLES `facturas` WRITE;
/*!40000 ALTER TABLE `facturas` DISABLE KEYS */;
INSERT INTO `facturas` VALUES (1,'2022-001','2022-11-16',3,4),(2,'2022-002','2022-11-16',4,3);
/*!40000 ALTER TABLE `facturas` ENABLE KEYS */;
UNLOCK TABLES;

--
-- Table structure for table `facturas_has_productos`
--

DROP TABLE IF EXISTS `facturas_has_productos`;
/*!40101 SET @saved_cs_client     = @@character_set_client */;
/*!50503 SET character_set_client = utf8mb4 */;
CREATE TABLE `facturas_has_productos` (
  `facturas_id` bigint NOT NULL,
  `productos_id` bigint NOT NULL,
  `cantidad` int NOT NULL DEFAULT '1',
  PRIMARY KEY (`facturas_id`,`productos_id`),
  KEY `fk_facturas_has_productos_productos1_idx` (`productos_id`),
  KEY `fk_facturas_has_productos_facturas1_idx` (`facturas_id`),
  CONSTRAINT `fk_facturas_has_productos_facturas1` FOREIGN KEY (`facturas_id`) REFERENCES `facturas` (`id`) ON DELETE RESTRICT ON UPDATE RESTRICT,
  CONSTRAINT `fk_facturas_has_productos_productos1` FOREIGN KEY (`productos_id`) REFERENCES `productos` (`id`) ON DELETE RESTRICT ON UPDATE RESTRICT
) ENGINE=InnoDB DEFAULT CHARSET=utf8mb4 COLLATE=utf8mb4_unicode_ci;
/*!40101 SET character_set_client = @saved_cs_client */;

--
-- Dumping data for table `facturas_has_productos`
--

LOCK TABLES `facturas_has_productos` WRITE;
/*!40000 ALTER TABLE `facturas_has_productos` DISABLE KEYS */;
INSERT INTO `facturas_has_productos` VALUES (1,1,3),(1,2,5),(2,2,1),(2,3,1);
/*!40000 ALTER TABLE `facturas_has_productos` ENABLE KEYS */;
UNLOCK TABLES;

--
-- Table structure for table `productos`
--

DROP TABLE IF EXISTS `productos`;
/*!40101 SET @saved_cs_client     = @@character_set_client */;
/*!50503 SET character_set_client = utf8mb4 */;
CREATE TABLE `productos` (
  `id` bigint NOT NULL AUTO_INCREMENT,
  `nombre` varchar(45) COLLATE utf8mb4_unicode_ci NOT NULL,
  `precio` decimal(12,2) NOT NULL,
  `descripcion` text COLLATE utf8mb4_unicode_ci,
  `categorias_id` bigint NOT NULL,
  PRIMARY KEY (`id`),
  KEY `fk_productos_categorias1_idx` (`categorias_id`),
  CONSTRAINT `fk_productos_categorias1` FOREIGN KEY (`categorias_id`) REFERENCES `categorias` (`id`) ON DELETE RESTRICT ON UPDATE RESTRICT
) ENGINE=InnoDB AUTO_INCREMENT=7 DEFAULT CHARSET=utf8mb4 COLLATE=utf8mb4_unicode_ci;
/*!40101 SET character_set_client = @saved_cs_client */;

--
-- Dumping data for table `productos`
--

LOCK TABLES `productos` WRITE;
/*!40000 ALTER TABLE `productos` DISABLE KEYS */;
INSERT INTO `productos` VALUES (1,'Producto1',1234.00,'Descripción1',1),(2,'Producto2',123.00,'Descripción2',1),(3,'Producto3',321.00,NULL,2),(6,'Producto4',432.00,NULL,2);
/*!40000 ALTER TABLE `productos` ENABLE KEYS */;
UNLOCK TABLES;

--
-- Table structure for table `roles`
--

DROP TABLE IF EXISTS `roles`;
/*!40101 SET @saved_cs_client     = @@character_set_client */;
/*!50503 SET character_set_client = utf8mb4 */;
CREATE TABLE `roles` (
  `id` bigint NOT NULL AUTO_INCREMENT,
  `nombre` varchar(45) COLLATE utf8mb4_unicode_ci NOT NULL,
  `descripcion` text COLLATE utf8mb4_unicode_ci,
  PRIMARY KEY (`id`)
) ENGINE=InnoDB AUTO_INCREMENT=3 DEFAULT CHARSET=utf8mb4 COLLATE=utf8mb4_unicode_ci;
/*!40101 SET character_set_client = @saved_cs_client */;

--
-- Dumping data for table `roles`
--

LOCK TABLES `roles` WRITE;
/*!40000 ALTER TABLE `roles` DISABLE KEYS */;
INSERT INTO `roles` VALUES (1,'ADMIN','El superusuario que tiene superpoderes'),(2,'USER','El pringao de turno');
/*!40000 ALTER TABLE `roles` ENABLE KEYS */;
UNLOCK TABLES;

--
-- Table structure for table `usuarios`
--

DROP TABLE IF EXISTS `usuarios`;
/*!40101 SET @saved_cs_client     = @@character_set_client */;
/*!50503 SET character_set_client = utf8mb4 */;
CREATE TABLE `usuarios` (
  `id` bigint NOT NULL AUTO_INCREMENT,
  `email` varchar(45) COLLATE utf8mb4_unicode_ci NOT NULL,
  `password` varchar(45) COLLATE utf8mb4_unicode_ci NOT NULL,
  `clientes_id` bigint DEFAULT NULL,
  `roles_id` bigint NOT NULL,
  PRIMARY KEY (`id`),
  UNIQUE KEY `email_UNIQUE` (`email`),
  KEY `fk_usuarios_clientes_idx` (`clientes_id`),
  KEY `fk_usuarios_roles1_idx` (`roles_id`),
  CONSTRAINT `fk_usuarios_clientes` FOREIGN KEY (`clientes_id`) REFERENCES `clientes` (`id`) ON DELETE RESTRICT ON UPDATE RESTRICT,
  CONSTRAINT `fk_usuarios_roles1` FOREIGN KEY (`roles_id`) REFERENCES `roles` (`id`) ON DELETE RESTRICT ON UPDATE RESTRICT
) ENGINE=InnoDB AUTO_INCREMENT=10 DEFAULT CHARSET=utf8mb4 COLLATE=utf8mb4_unicode_ci;
/*!40101 SET character_set_client = @saved_cs_client */;

--
-- Dumping data for table `usuarios`
--

LOCK TABLES `usuarios` WRITE;
/*!40000 ALTER TABLE `usuarios` DISABLE KEYS */;
INSERT INTO `usuarios` VALUES (8,'javier@email.net','contra',3,1),(9,'pepe@email.net','perez',NULL,2);
/*!40000 ALTER TABLE `usuarios` ENABLE KEYS */;
UNLOCK TABLES;

--
-- Dumping events for database 'mf0966ejemplo'
--

--
-- Dumping routines for database 'mf0966ejemplo'
--
/*!40103 SET TIME_ZONE=@OLD_TIME_ZONE */;

/*!40101 SET SQL_MODE=@OLD_SQL_MODE */;
/*!40014 SET FOREIGN_KEY_CHECKS=@OLD_FOREIGN_KEY_CHECKS */;
/*!40014 SET UNIQUE_CHECKS=@OLD_UNIQUE_CHECKS */;
/*!40101 SET CHARACTER_SET_CLIENT=@OLD_CHARACTER_SET_CLIENT */;
/*!40101 SET CHARACTER_SET_RESULTS=@OLD_CHARACTER_SET_RESULTS */;
/*!40101 SET COLLATION_CONNECTION=@OLD_COLLATION_CONNECTION */;
/*!40111 SET SQL_NOTES=@OLD_SQL_NOTES */;

-- Dump completed on 2022-11-24 10:20:49
